{
  "N": 20,
  "coefficients": {
    "a0": 1.5676531633465538,
    "an": [
      -0.6334755596244056,
      -0.0031431634327776206,
      -0.06759131752196403,
      -0.003143163386080297,
      -0.02232057815775361,
      -0.003143163308247035,
      -0.009848027521676265,
      -0.0031431631992719974,
      -0.004715290640141274,
      -0.0031431630591464235,
      -0.002117107720746205,
      -0.003143162887859153,
      -0.0006227682019932071,
      -0.003143162685396766,
      0.0003147914745376801,
      -0.003143162451743112,
      0.0009413760858669066,
      -0.0031431621868798386,
      0.0013807229756225157,
      -0.0031431618907858156
    ],
    "bn": [
      2.9999901106202223,
      -1.4999802212013233,
      0.9999703317041841,
      -0.7499604420896818,
      0.5999505523186922,
      -0.4999406623520872,
      0.4285022007221646,
      -0.3749208816755032,
      0.3332443242205811,
      -0.29990109974682344,
      0.2726184809423494,
      -0.24988131625284704,
      0.23064065459019695,
      -0.21414724516597017,
      0.199851637391529,
      -0.1873417433155885,
      0.17630243684851962,
      -0.16648861991188646,
      0.15770679401444365,
      -0.1498021603553351
    ]
  },
  "error": 0.16981296745500582
}