{
  "N": 10,
  "coefficients": {
    "a0": 1.5676531633465538,
    "an": [
      -0.6334755596244056,
      -0.0031431634327776206,
      -0.06759131752196403,
      -0.003143163386080297,
      -0.02232057815775361,
      -0.003143163308247035,
      -0.009848027521676265,
      -0.0031431631992719974,
      -0.004715290640141274,
      -0.0031431630591464235
    ],
    "bn": [
      2.9999901106202223,
      -1.4999802212013233,
      0.9999703317041841,
      -0.7499604420896818,
      0.5999505523186922,
      -0.4999406623520872,
      0.4285022007221646,
      -0.3749208816755032,
      0.3332443242205811,
      -0.29990109974682344
    ]
  },
  "error": 0.29296005572269745
}